施設名,都道府県,施設タイプ,価格_目安,評点,サウナタイプ,ソース,URL
森のスパリゾート 北海道ホテル,北海道,ホテル,,,プライベートサウナ,トマレルサウナ,https://tomarerusauna.com/private-hokkaido/
ニュー阿寒ホテル,北海道,ホテル,,,プライベートサウナ,トマレルサウナ,https://tomarerusauna.com/private-hokkaido/
定山渓万世閣ホテルミリオーネ,北海道,ホテル,,,プライベートサウナ,トマレルサウナ,https://tomarerusauna.com/private-hokkaido/
北こぶし知床 ホテル＆リゾート,北海道,ホテル,,,プライベートサウナ,トマレルサウナ,https://tomarerusauna.com/private-hokkaido/
ホテル・アンドルームス札幌すすきの,北海道,ホテル,,,プライベートサウナ,トマレルサウナ,https://tomarerusauna.com/private-hokkaido/
暖雪 札幌,北海道,その他,,,プライベートサウナ,トマレルサウナ,https://tomarerusauna.com/private-hokkaido/
翠巌,北海道,その他,,,プライベートサウナ,トマレルサウナ,https://tomarerusauna.com/private-hokkaido/
ザ レイクビューTOYA 乃の風リゾート,北海道,ホテル,,,プライベートサウナ,トマレルサウナ,https://tomarerusauna.com/private-hokkaido/
VILLA BRAMARE,北海道,ヴィラ,,,プライベートサウナ,トマレルサウナ,https://tomarerusauna.com/private-hokkaido/
SAUNA VILLA YOICHI,北海道,ヴィラ,,,プライベートサウナ,トマレルサウナ,https://tomarerusauna.com/private-hokkaido/
元湯 猿倉温泉,青森,旅館,,,プライベートサウナ,トマレルサウナ,https://tomarerusauna.com/private-aomori/
Tiny resort misawa,青森,その他,,,プライベートサウナ,トマレルサウナ,https://tomarerusauna.com/private-aomori/
宇樽部キャンプ場,青森,その他,,,プライベートサウナ,トマレルサウナ,https://tomarerusauna.com/private-aomori/
藤三旅館・別邸 鉛温泉 心の刻 十三月,岩手,旅館,,,プライベートサウナ,トマレルサウナ,https://tomarerusauna.com/private-iwate/
渚亭 たろう庵,岩手,その他,,,プライベートサウナ,トマレルサウナ,https://tomarerusauna.com/private-iwate/
HOTEL MAZARIUM,岩手,ホテル,,,プライベートサウナ,トマレルサウナ,https://tomarerusauna.com/private-iwate/
リッチモンドホテル仙台,宮城,ホテル,,,プライベートサウナ,トマレルサウナ,https://tomarerusauna.com/private-miyagi/
秋保風雅,宮城,その他,,,プライベートサウナ,トマレルサウナ,https://tomarerusauna.com/private-miyagi/
ゆづくしSalon一の坊,宮城,その他,,,プライベートサウナ,トマレルサウナ,https://tomarerusauna.com/private-miyagi/
MUSIRO SAUNA,秋田,その他,,,プライベートサウナ,トマレルサウナ,https://tomarerusauna.com/private-akita/
森長旅館,秋田,旅館,,,プライベートサウナ,トマレルサウナ,https://tomarerusauna.com/private-akita/
名月荘,山形,その他,,,プライベートサウナ,トマレルサウナ,https://tomarerusauna.com/private-yamagata/
日本の宿 古窯,山形,旅館,,,プライベートサウナ,トマレルサウナ,https://tomarerusauna.com/private-yamagata/
山形の近隣エリアにあるプライベートサウナ付き宿泊施設,山形,その他,,,プライベートサウナ,トマレルサウナ,https://tomarerusauna.com/private-yamagata/
HOTEL C&I KORIYAMA,福島,ホテル,,,プライベートサウナ,トマレルサウナ,https://tomarerusauna.com/private-fukushima/
エンゼルフォレスト白河高原,福島,その他,,,プライベートサウナ,トマレルサウナ,https://tomarerusauna.com/private-fukushima/
ときわ邸 M-GARDEN,茨城,その他,,,プライベートサウナ,トマレルサウナ,https://tomarerusauna.com/private-ibaraki/
Water Garden Resort キャンプ＆マリーナ,茨城,ホテル,,,プライベートサウナ,トマレルサウナ,https://tomarerusauna.com/private-ibaraki/
日光 雪月花,栃木,その他,,,プライベートサウナ,トマレルサウナ,https://tomarerusauna.com/private-tochigi/
Rakuten STAY VILLA 日光,栃木,ヴィラ,,,プライベートサウナ,トマレルサウナ,https://tomarerusauna.com/private-tochigi/
サンロイヤル小山,栃木,その他,,,プライベートサウナ,トマレルサウナ,https://tomarerusauna.com/private-tochigi/
ホテルニューイタヤ,栃木,ホテル,,,プライベートサウナ,トマレルサウナ,https://tomarerusauna.com/private-tochigi/
プライベートサウナがある群馬のホテル,群馬,ホテル,,,プライベートサウナ,トマレルサウナ,https://tomarerusauna.com/private-gunma/
SHIROIYA HOTEL,群馬,ホテル,,,プライベートサウナ,トマレルサウナ,https://tomarerusauna.com/private-gunma/
ホテルサンダーソン,群馬,ホテル,,,プライベートサウナ,トマレルサウナ,https://tomarerusauna.com/private-gunma/
プライベートサウナがある群馬の旅館,群馬,旅館,,,プライベートサウナ,トマレルサウナ,https://tomarerusauna.com/private-gunma/
辰巳館,群馬,その他,,,プライベートサウナ,トマレルサウナ,https://tomarerusauna.com/private-gunma/
ホテル木暮,群馬,ホテル,,,プライベートサウナ,トマレルサウナ,https://tomarerusauna.com/private-gunma/
ホテル松本楼,群馬,ホテル,,,プライベートサウナ,トマレルサウナ,https://tomarerusauna.com/private-gunma/
景風流の宿 かのうや,群馬,旅館,,,プライベートサウナ,トマレルサウナ,https://tomarerusauna.com/private-gunma/
プライベートサウナがある群馬の貸別荘・グランピング施設,群馬,グランピング,,,プライベートサウナ,トマレルサウナ,https://tomarerusauna.com/private-gunma/
温泉グランピング シマブルー,群馬,グランピング,,,プライベートサウナ,トマレルサウナ,https://tomarerusauna.com/private-gunma/
大松閣,埼玉,その他,,,プライベートサウナ,トマレルサウナ,https://tomarerusauna.com/private-saitama/
所沢パークホテル,埼玉,ホテル,,,プライベートサウナ,トマレルサウナ,https://tomarerusauna.com/private-saitama/
COCO VILLA 長瀞,埼玉,ヴィラ,,,プライベートサウナ,トマレルサウナ,https://tomarerusauna.com/private-saitama/
プライベートサウナがある埼玉のリゾート施設,埼玉,ホテル,,,プライベートサウナ,トマレルサウナ,https://tomarerusauna.com/private-saitama/
O Park OGOSE,埼玉,その他,,,プライベートサウナ,トマレルサウナ,https://tomarerusauna.com/private-saitama/
安房温泉 紀伊乃国屋,千葉,旅館,,,プライベートサウナ,トマレルサウナ,https://tomarerusauna.com/private-chiba/
鴨川グランドタワー,千葉,その他,,,プライベートサウナ,トマレルサウナ,https://tomarerusauna.com/private-chiba/
庄屋の里 古民家たなか,千葉,一棟貸し,,,プライベートサウナ,トマレルサウナ,https://tomarerusauna.com/private-chiba/
古民家宿 るうふ 遊之家,千葉,一棟貸し,,,プライベートサウナ,トマレルサウナ,https://tomarerusauna.com/private-chiba/
ほりのみせ,千葉,その他,,,プライベートサウナ,トマレルサウナ,https://tomarerusauna.com/private-chiba/
別庭 雫花,千葉,その他,,,プライベートサウナ,トマレルサウナ,https://tomarerusauna.com/private-chiba/
HARUKA KANATA,千葉,その他,,,プライベートサウナ,トマレルサウナ,https://tomarerusauna.com/private-chiba/
STRADDIE HOUSE,千葉,その他,,,プライベートサウナ,トマレルサウナ,https://tomarerusauna.com/private-chiba/
moe-luana,千葉,その他,,,プライベートサウナ,トマレルサウナ,https://tomarerusauna.com/private-chiba/
みささ,千葉,その他,,,プライベートサウナ,トマレルサウナ,https://tomarerusauna.com/private-chiba/
and RIVER勝浦,千葉,その他,,,プライベートサウナ,トマレルサウナ,https://tomarerusauna.com/private-chiba/
Ocean’s Terrace TORAMII,千葉,その他,,,プライベートサウナ,トマレルサウナ,https://tomarerusauna.com/private-chiba/
VACATIONHOUSE TORAMI 7521,千葉,その他,,,プライベートサウナ,トマレルサウナ,https://tomarerusauna.com/private-chiba/
amane,千葉,その他,,,プライベートサウナ,トマレルサウナ,https://tomarerusauna.com/private-chiba/
sendouQ,千葉,その他,,,プライベートサウナ,トマレルサウナ,https://tomarerusauna.com/private-chiba/
THE CHIKURA UMI BASE CAMP,千葉,その他,,,プライベートサウナ,トマレルサウナ,https://tomarerusauna.com/private-chiba/
NAGU KATSUURA,千葉,その他,,,プライベートサウナ,トマレルサウナ,https://tomarerusauna.com/private-chiba/
ARCH KISARAZU 離れ,千葉,その他,,,プライベートサウナ,トマレルサウナ,https://tomarerusauna.com/private-chiba/
グランドーム千葉富津,千葉,その他,,,プライベートサウナ,トマレルサウナ,https://tomarerusauna.com/private-chiba/
SAUNALAND ASAKUSA,東京,その他,,,プライベートサウナ,トマレルサウナ,https://tomarerusauna.com/private-tokyo/
Boutique Sauna ARCH,東京,その他,,,プライベートサウナ,トマレルサウナ,https://tomarerusauna.com/private-tokyo/
The Okura TOKYO,東京,その他,,,プライベートサウナ,トマレルサウナ,https://tomarerusauna.com/private-tokyo/
HOTEL MINATO,東京,ホテル,,,プライベートサウナ,トマレルサウナ,https://tomarerusauna.com/private-tokyo/
hotel hisoca ikebukuro,東京,その他,,,プライベートサウナ,トマレルサウナ,https://tomarerusauna.com/private-tokyo/
"MANGA ART ROOM, JIMBOCHO",東京,その他,,,プライベートサウナ,トマレルサウナ,https://tomarerusauna.com/private-tokyo/
リッチモンドホテルプレミア東京スコーレ,東京,ホテル,,,プライベートサウナ,トマレルサウナ,https://tomarerusauna.com/private-tokyo/
プロスタイル旅館 東京浅草,東京,旅館,,,プライベートサウナ,トマレルサウナ,https://tomarerusauna.com/private-tokyo/
サウナがある東京のグランピング施設,東京,グランピング,,,プライベートサウナ,トマレルサウナ,https://tomarerusauna.com/private-tokyo/
KEIKOKU GLAMPING TENT,東京,グランピング,,,プライベートサウナ,トマレルサウナ,https://tomarerusauna.com/private-tokyo/
万葉の里 白雲荘,神奈川,その他,,,プライベートサウナ,トマレルサウナ,https://tomarerusauna.com/private-kanagawa/
BREATH HOTEL,神奈川,ホテル,,,プライベートサウナ,トマレルサウナ,https://tomarerusauna.com/private-kanagawa/
ホテルプラタナス新横浜,神奈川,ホテル,,,プライベートサウナ,トマレルサウナ,https://tomarerusauna.com/private-kanagawa/
レンブラントホテル厚木,神奈川,ホテル,,,プライベートサウナ,トマレルサウナ,https://tomarerusauna.com/private-kanagawa/
ホテル パセラの森 横浜関内,神奈川,ホテル,,,プライベートサウナ,トマレルサウナ,https://tomarerusauna.com/private-kanagawa/
KAMAKURA HOTEL,神奈川,ホテル,,,プライベートサウナ,トマレルサウナ,https://tomarerusauna.com/private-kanagawa/
プロスタイル旅館 横浜馬車道,神奈川,旅館,,,プライベートサウナ,トマレルサウナ,https://tomarerusauna.com/private-kanagawa/
プライベートサウナがある神奈川の貸別荘・グランピング施設,神奈川,グランピング,,,プライベートサウナ,トマレルサウナ,https://tomarerusauna.com/private-kanagawa/
R.KAMAKURA,神奈川,その他,,,プライベートサウナ,トマレルサウナ,https://tomarerusauna.com/private-kanagawa/
里山十帖 THE HOUSE,新潟,その他,,,プライベートサウナ,トマレルサウナ,https://tomarerusauna.com/private-niigata/
VILLA VOIX,新潟,ヴィラ,,,プライベートサウナ,トマレルサウナ,https://tomarerusauna.com/private-niigata/
リバーリトリート雅樂倶,富山,その他,,,プライベートサウナ,トマレルサウナ,https://tomarerusauna.com/private-toyama/
Namerikawa Granvilla Grappa,富山,その他,,,プライベートサウナ,トマレルサウナ,https://tomarerusauna.com/private-toyama/
香林居,石川,その他,,,プライベートサウナ,トマレルサウナ,https://tomarerusauna.com/private-ishikawa/
ゆのくに天祥,石川,その他,,,プライベートサウナ,トマレルサウナ,https://tomarerusauna.com/private-ishikawa/
山中温泉 花紫,石川,旅館,,,プライベートサウナ,トマレルサウナ,https://tomarerusauna.com/private-ishikawa/
UMITOMA,福井,その他,,,プライベートサウナ,トマレルサウナ,https://tomarerusauna.com/private-fukui/
waku terrace,福井,その他,,,プライベートサウナ,トマレルサウナ,https://tomarerusauna.com/private-fukui/
Morris Resort,福井,ホテル,,,プライベートサウナ,トマレルサウナ,https://tomarerusauna.com/private-fukui/
湖南荘,山梨,その他,,,プライベートサウナ,トマレルサウナ,https://tomarerusauna.com/private-yamanashi/
abrAsus hotel Fuji,山梨,その他,,,プライベートサウナ,トマレルサウナ,https://tomarerusauna.com/private-yamanashi/
ビジョングランピングリゾート山中湖,山梨,グランピング,,,プライベートサウナ,トマレルサウナ,https://tomarerusauna.com/private-yamanashi/
ふじ・ふもとの森,山梨,その他,,,プライベートサウナ,トマレルサウナ,https://tomarerusauna.com/private-yamanashi/
郷音 ～G.O.A.T～,山梨,その他,,,プライベートサウナ,トマレルサウナ,https://tomarerusauna.com/private-yamanashi/
Piilo asobi&stay,山梨,その他,,,プライベートサウナ,トマレルサウナ,https://tomarerusauna.com/private-yamanashi/
Villa Suomi,山梨,ヴィラ,,,プライベートサウナ,トマレルサウナ,https://tomarerusauna.com/private-yamanashi/
あぶらや燈千,長野,その他,,,プライベートサウナ,トマレルサウナ,https://tomarerusauna.com/private-nagano/
界 松本,長野,その他,,,プライベートサウナ,トマレルサウナ,https://tomarerusauna.com/private-nagano/
春蘭の宿 さかえや,長野,旅館,,,プライベートサウナ,トマレルサウナ,https://tomarerusauna.com/private-nagano/
From P,長野,その他,,,プライベートサウナ,トマレルサウナ,https://tomarerusauna.com/private-nagano/
FAV HOTEL 飛騨高山EAST,岐阜,ホテル,,,プライベートサウナ,トマレルサウナ,https://tomarerusauna.com/private-gifu/
時のホテル,岐阜,ホテル,,,プライベートサウナ,トマレルサウナ,https://tomarerusauna.com/private-gifu/
岡田旅館 和楽亭,岐阜,旅館,,,プライベートサウナ,トマレルサウナ,https://tomarerusauna.com/private-gifu/
泉ヶ谷 工芸ノ宿 和楽,静岡,その他,,,プライベートサウナ,トマレルサウナ,https://tomarerusauna.com/private-shizuoka/
Tiny Base,静岡,その他,,,プライベートサウナ,トマレルサウナ,https://tomarerusauna.com/private-shizuoka/
HOTEL NUQU,愛知,ホテル,,,プライベートサウナ,トマレルサウナ,https://tomarerusauna.com/private-aichi/
HOTEL HOQA 花色の湯,愛知,ホテル,,,プライベートサウナ,トマレルサウナ,https://tomarerusauna.com/private-aichi/
風の谷の庵,愛知,その他,,,プライベートサウナ,トマレルサウナ,https://tomarerusauna.com/private-aichi/
三谷温泉 平野屋,愛知,旅館,,,プライベートサウナ,トマレルサウナ,https://tomarerusauna.com/private-aichi/
SHITARA VILLAGE,愛知,ヴィラ,,,プライベートサウナ,トマレルサウナ,https://tomarerusauna.com/private-aichi/
大田家 Healing Stay,三重,その他,,,プライベートサウナ,トマレルサウナ,https://tomarerusauna.com/private-mie/
汀渚 ばさら邸,三重,その他,,,プライベートサウナ,トマレルサウナ,https://tomarerusauna.com/private-mie/
Kabuku Resort,三重,ホテル,,,プライベートサウナ,トマレルサウナ,https://tomarerusauna.com/private-mie/
Log&Sauna Jyouno-hama,三重,その他,,,プライベートサウナ,トマレルサウナ,https://tomarerusauna.com/private-mie/
双葉荘,滋賀,その他,,,プライベートサウナ,トマレルサウナ,https://tomarerusauna.com/private-shiga/
欅の宿 縁,滋賀,旅館,,,プライベートサウナ,トマレルサウナ,https://tomarerusauna.com/private-shiga/
NAGAHAMAライフスタイルグランピングホテル,滋賀,グランピング,,,プライベートサウナ,トマレルサウナ,https://tomarerusauna.com/private-shiga/
Resoreat Takashima,滋賀,その他,,,プライベートサウナ,トマレルサウナ,https://tomarerusauna.com/private-shiga/
GION ELITE TERRACE,京都,その他,,,プライベートサウナ,トマレルサウナ,https://tomarerusauna.com/private-kyoto/
GOOD NATURE HOTEL KYOTO,京都,ホテル,,,プライベートサウナ,トマレルサウナ,https://tomarerusauna.com/private-kyoto/
MONday Apart Premium 京都七条堀川,京都,その他,,,プライベートサウナ,トマレルサウナ,https://tomarerusauna.com/private-kyoto/
京都 南禅寺 八千代,京都,その他,,,プライベートサウナ,トマレルサウナ,https://tomarerusauna.com/private-kyoto/
ホテル祇園一琳,京都,ホテル,,,プライベートサウナ,トマレルサウナ,https://tomarerusauna.com/private-kyoto/
クロスホテル京都,京都,ホテル,,,プライベートサウナ,トマレルサウナ,https://tomarerusauna.com/private-kyoto/
moksa,京都,その他,,,プライベートサウナ,トマレルサウナ,https://tomarerusauna.com/private-kyoto/
里山の休日 京都・烟河,京都,その他,,,プライベートサウナ,トマレルサウナ,https://tomarerusauna.com/private-kyoto/
GRAX HANARE 京都・るり渓,京都,その他,,,プライベートサウナ,トマレルサウナ,https://tomarerusauna.com/private-kyoto/
アートホテル大阪ベイタワー,大阪,ホテル,,,プライベートサウナ,トマレルサウナ,https://tomarerusauna.com/private-osaka/
ホテルインペリアル香里園,大阪,ホテル,,,プライベートサウナ,トマレルサウナ,https://tomarerusauna.com/private-osaka/
d3 HOTEL+,大阪,ホテル,,,プライベートサウナ,トマレルサウナ,https://tomarerusauna.com/private-osaka/
庭之宿 新大阪,大阪,その他,,,プライベートサウナ,トマレルサウナ,https://tomarerusauna.com/private-osaka/
薪之宿 都島リバーサイド,大阪,その他,,,プライベートサウナ,トマレルサウナ,https://tomarerusauna.com/private-osaka/
コンセプトハウス星田,大阪,その他,,,プライベートサウナ,トマレルサウナ,https://tomarerusauna.com/private-osaka/
かいづか いぶきヴィレッジ,大阪,その他,,,プライベートサウナ,トマレルサウナ,https://tomarerusauna.com/private-osaka/
セトレハイランドヴィラ姫路,兵庫,ヴィラ,,,プライベートサウナ,トマレルサウナ,https://tomarerusauna.com/private-hyogo/
有馬山叢 御所別墅,兵庫,その他,,,プライベートサウナ,トマレルサウナ,https://tomarerusauna.com/private-hyogo/
陶泉 御所坊,兵庫,その他,,,プライベートサウナ,トマレルサウナ,https://tomarerusauna.com/private-hyogo/
きさのきの宿 緑風閣,兵庫,旅館,,,プライベートサウナ,トマレルサウナ,https://tomarerusauna.com/private-hyogo/
シーサイドホテル舞子ビラ神戸,兵庫,ヴィラ,,,プライベートサウナ,トマレルサウナ,https://tomarerusauna.com/private-hyogo/
Glamping Villa 鮫家 AWAJI,兵庫,グランピング,,,プライベートサウナ,トマレルサウナ,https://tomarerusauna.com/private-hyogo/
Villa Mon Temps Awaji,兵庫,ヴィラ,,,プライベートサウナ,トマレルサウナ,https://tomarerusauna.com/private-hyogo/
エイトポイントリゾート淡路島,兵庫,ホテル,,,プライベートサウナ,トマレルサウナ,https://tomarerusauna.com/private-hyogo/
しっぽの森リゾート淡路島,兵庫,ホテル,,,プライベートサウナ,トマレルサウナ,https://tomarerusauna.com/private-hyogo/
HOUS_AGAL Beach Club&Villa 淡路,兵庫,ヴィラ,,,プライベートサウナ,トマレルサウナ,https://tomarerusauna.com/private-hyogo/
Marine Base Awaji,兵庫,その他,,,プライベートサウナ,トマレルサウナ,https://tomarerusauna.com/private-hyogo/
f.f.Vacation House Green,兵庫,その他,,,プライベートサウナ,トマレルサウナ,https://tomarerusauna.com/private-hyogo/
ブランシエラ ヴィラ 明日香,奈良,ヴィラ,,,プライベートサウナ,トマレルサウナ,https://tomarerusauna.com/private-nara/
"ume, yamazoe",奈良,その他,,,プライベートサウナ,トマレルサウナ,https://tomarerusauna.com/private-nara/
デュラクスアウトドアリゾート冒険の森やまぞえ,奈良,ホテル,,,プライベートサウナ,トマレルサウナ,https://tomarerusauna.com/private-nara/
NIPPONIA 串本 熊野海道,和歌山,その他,,,プライベートサウナ,トマレルサウナ,https://tomarerusauna.com/private-wakayama/
クリスタルヴィラ白浜,和歌山,ヴィラ,,,プライベートサウナ,トマレルサウナ,https://tomarerusauna.com/private-wakayama/
NOMADO HOTEL DAISEN,鳥取,ホテル,,,プライベートサウナ,トマレルサウナ,https://tomarerusauna.com/private-tottori/
三朝温泉 清流荘,鳥取,旅館,,,プライベートサウナ,トマレルサウナ,https://tomarerusauna.com/private-tottori/
IZUMO HOTEL THE CLIFF,島根,ホテル,,,プライベートサウナ,トマレルサウナ,https://tomarerusauna.com/private-shimane/
Rakuten STAY 出雲,島根,その他,,,プライベートサウナ,トマレルサウナ,https://tomarerusauna.com/private-shimane/
湯原温泉 八景,岡山,旅館,,,プライベートサウナ,トマレルサウナ,https://tomarerusauna.com/private-okayama/
サントピア岡山総社,岡山,その他,,,プライベートサウナ,トマレルサウナ,https://tomarerusauna.com/private-okayama/
Y-HOTEL,広島,ホテル,,,プライベートサウナ,トマレルサウナ,https://tomarerusauna.com/private-hiroshima/
IHANA!-フォレストグランピング＆ヴィラリゾート,広島,グランピング,,,プライベートサウナ,トマレルサウナ,https://tomarerusauna.com/private-hiroshima/
大谷山荘,山口,その他,,,プライベートサウナ,トマレルサウナ,https://tomarerusauna.com/private-yamaguchi/
浜崎の宿 萩別邸,山口,旅館,,,プライベートサウナ,トマレルサウナ,https://tomarerusauna.com/private-yamaguchi/
和久水,山口,その他,,,プライベートサウナ,トマレルサウナ,https://tomarerusauna.com/private-yamaguchi/
リゾートホテルモアナコースト,徳島,ホテル,,,プライベートサウナ,トマレルサウナ,https://tomarerusauna.com/private-tokushima/
イセヤリゾート鳴門 THE VILLA,徳島,ヴィラ,,,プライベートサウナ,トマレルサウナ,https://tomarerusauna.com/private-tokushima/
穴吹邸,香川,その他,,,プライベートサウナ,トマレルサウナ,https://tomarerusauna.com/private-kagawa/
ゲストハウス 積凪,香川,その他,,,プライベートサウナ,トマレルサウナ,https://tomarerusauna.com/private-kagawa/
東道後のそらともり,愛媛,その他,,,プライベートサウナ,トマレルサウナ,https://tomarerusauna.com/private-ehime/
ていれぎ館,愛媛,その他,,,プライベートサウナ,トマレルサウナ,https://tomarerusauna.com/private-ehime/
HOTEL LEPO CHAHAL,愛媛,ホテル,,,プライベートサウナ,トマレルサウナ,https://tomarerusauna.com/private-ehime/
TheMana Village,高知,ヴィラ,,,プライベートサウナ,トマレルサウナ,https://tomarerusauna.com/private-kochi/
高知アネックスホテル,高知,ホテル,,,プライベートサウナ,トマレルサウナ,https://tomarerusauna.com/private-kochi/
CLIFF VILLA プール＆サウナ,高知,ヴィラ,,,プライベートサウナ,トマレルサウナ,https://tomarerusauna.com/private-kochi/
Hotel Mei Fukuoka Tenjin,福岡,ホテル,,,プライベートサウナ,トマレルサウナ,https://tomarerusauna.com/private-fukuoka/
福岡アルティ・イン,福岡,その他,,,プライベートサウナ,トマレルサウナ,https://tomarerusauna.com/private-fukuoka/
海辺の鮨宿 八幡屋,福岡,その他,,,プライベートサウナ,トマレルサウナ,https://tomarerusauna.com/private-fukuoka/
みなも,福岡,その他,,,プライベートサウナ,トマレルサウナ,https://tomarerusauna.com/private-fukuoka/
合い宿すみよし,福岡,その他,,,プライベートサウナ,トマレルサウナ,https://tomarerusauna.com/private-fukuoka/
itotoi 糸島,福岡,その他,,,プライベートサウナ,トマレルサウナ,https://tomarerusauna.com/private-fukuoka/
Glamping & Sauna Resort Aroma Olive,福岡,グランピング,,,プライベートサウナ,トマレルサウナ,https://tomarerusauna.com/private-fukuoka/
御船山楽園ホテル,佐賀,ホテル,,,プライベートサウナ,トマレルサウナ,https://tomarerusauna.com/private-saga/
紅舎宮,佐賀,その他,,,プライベートサウナ,トマレルサウナ,https://tomarerusauna.com/private-saga/
うらり武雄ガーデンテラススパリゾート,佐賀,ホテル,,,プライベートサウナ,トマレルサウナ,https://tomarerusauna.com/private-saga/
雲仙福田屋,長崎,その他,,,プライベートサウナ,トマレルサウナ,https://tomarerusauna.com/private-nagasaki/
ritomaru villa @ hatsuyama iki,長崎,その他,,,プライベートサウナ,トマレルサウナ,https://tomarerusauna.com/private-nagasaki/
天ノ寂,熊本,その他,,,プライベートサウナ,トマレルサウナ,https://tomarerusauna.com/private-kumamoto/
あそ つるや旅館,熊本,旅館,,,プライベートサウナ,トマレルサウナ,https://tomarerusauna.com/private-kumamoto/
Rakuten STAY VILLA 阿蘇黒川,熊本,ヴィラ,,,プライベートサウナ,トマレルサウナ,https://tomarerusauna.com/private-kumamoto/
ととのいの宿 春燈庵,大分,旅館,,,プライベートサウナ,トマレルサウナ,https://tomarerusauna.com/private-oita/
萬屋 Ryokan & Sauna Yorozuya Hita,大分,旅館,,,プライベートサウナ,トマレルサウナ,https://tomarerusauna.com/private-oita/
御宿 一禅,大分,その他,,,プライベートサウナ,トマレルサウナ,https://tomarerusauna.com/private-oita/
COCO VILLA 湯布院,大分,ヴィラ,,,プライベートサウナ,トマレルサウナ,https://tomarerusauna.com/private-oita/
NOT A HOTEL AOSHIMA,宮崎,ホテル,,,プライベートサウナ,トマレルサウナ,https://tomarerusauna.com/private-miyazaki/
季楽 飫肥,宮崎,その他,,,プライベートサウナ,トマレルサウナ,https://tomarerusauna.com/private-miyazaki/
鳥遊ぶ森の宿 ふたり静,鹿児島,旅館,,,プライベートサウナ,トマレルサウナ,https://tomarerusauna.com/private-kagoshima/
全室源泉かけ流し温泉付き旅館＆グランピング 美肌の湯 こしかの温泉,鹿児島,グランピング,,,プライベートサウナ,トマレルサウナ,https://tomarerusauna.com/private-kagoshima/
Villa montpetre,鹿児島,ヴィラ,,,プライベートサウナ,トマレルサウナ,https://tomarerusauna.com/private-kagoshima/
ホテル・アンドルームス那覇ポート,沖縄,ホテル,,,プライベートサウナ,トマレルサウナ,https://tomarerusauna.com/private-okinawa/
PROSTYLE TERRACE NAHA,沖縄,その他,,,プライベートサウナ,トマレルサウナ,https://tomarerusauna.com/private-okinawa/
PROSTYLE RYOKAN那覇県庁前,沖縄,その他,,,プライベートサウナ,トマレルサウナ,https://tomarerusauna.com/private-okinawa/
JIKON SAUNA TOKYO,,その他,,,プライベートサウナ,サウナイキタイ,
那須ユートピア,,その他,,,プライベートサウナ,サウナイキタイ,
グランピング五感,,グランピング,,,プライベートサウナ,サウナイキタイ,
森のサウナ kaveri(カベリ)-エンゼルフォレスト白河高原,,その他,,,プライベートサウナ,サウナイキタイ,
SHIGARAKI SAUNA,,その他,,,プライベートサウナ,サウナイキタイ,
宿泊予約,,その他,,,プライベートサウナ,サウナイキタイ,
MOOSKA DE STUBEN(ムースカドストゥーベン),,その他,,,プライベートサウナ,サウナイキタイ,
Koti karuizawa[レンタヴィラ軽井沢 オナーズヒル],,ヴィラ,,,プライベートサウナ,サウナイキタイ,
OJIROTOMARLO,,その他,,,プライベートサウナ,サウナイキタイ,
古民家宿 るうふ 清之家,,一棟貸し,,,プライベートサウナ,サウナイキタイ,
うわの空 -chahana sauna-,,その他,,,プライベートサウナ,サウナイキタイ,
Earthboat Kurohime,,その他,,,プライベートサウナ,サウナイキタイ,
積凪KITAKEN棟 -泊Rutto,,その他,,,プライベートサウナ,サウナイキタイ,
SPACE KEY POINT リビエラ逗子マリーナ,,その他,,,プライベートサウナ,サウナイキタイ,
SAUNA & CURRY URI 東大阪,,その他,,,プライベートサウナ,サウナイキタイ,
京丹波サウナ,,その他,,,プライベートサウナ,サウナイキタイ,
Umitoma Ocean View Resort Echizen,,ホテル,,,プライベートサウナ,サウナイキタイ,
HOTEL TateshitaSauna&Living / 泊まれるプライベートサウナ,,ホテル,,,プライベートサウナ,サウナイキタイ,
天空のリゾート 四季 SHIOSAI TERRACE,,ホテル,,,プライベートサウナ,サウナイキタイ,
Earthing MIYAMA,,その他,,,プライベートサウナ,サウナイキタイ,
simanoyadoya,,その他,,,プライベートサウナ,サウナイキタイ,
サウナを探す,,その他,,,プライベートサウナ,サウナイキタイ,
トントゥ,,その他,,,プライベートサウナ,サウナイキタイ,
読みもの,,その他,,,プライベートサウナ,サウナイキタイ,
グッズ,,その他,,,プライベートサウナ,サウナイキタイ,
取り組み,,その他,,,プライベートサウナ,サウナイキタイ,
メンバーズ,,その他,,,プライベートサウナ,サウナイキタイ,
サウナ施設の方へ,,その他,,,プライベートサウナ,サウナイキタイ,
公式SNS,,その他,,,プライベートサウナ,サウナイキタイ,
宿泊人数,,その他,,,プライベートサウナ,サウナイキタイ,
サウナ条件,,その他,,,プライベートサウナ,サウナイキタイ,
部屋条件,,その他,,,プライベートサウナ,サウナイキタイ,
部屋タイプ,,その他,,,プライベートサウナ,サウナイキタイ,
こだわり条件,,その他,,,プライベートサウナ,サウナイキタイ,
古宇利島サウナティーダ,,その他,,,プライベートサウナ,サウナイキタイ,
かたしな高原しらかばサウナ,,その他,,,プライベートサウナ,サウナイキタイ,
鷹羽鉱泉,,その他,,,プライベートサウナ,サウナイキタイ,
アースガーデンリゾート サウナイン東京奥多摩,,ホテル,,,プライベートサウナ,サウナイキタイ,
熱海Moonlight,,その他,,,プライベートサウナ,サウナイキタイ,
THE BASE GLAMPING YUGAWARA,,グランピング,,,プライベートサウナ,サウナイキタイ,
淡路島 サウナ宿たんざ+料理屋ニカク,,その他,,,プライベートサウナ,サウナイキタイ,
月と太陽 EN ATAMI,,その他,,,プライベートサウナ,サウナイキタイ,
Obaranchi,,その他,,,プライベートサウナ,サウナイキタイ,
Seaside KLATCH -Villa & Sauna-,,ヴィラ,,,プライベートサウナ,サウナイキタイ,
RICKA KATSUURA,,その他,,,プライベートサウナ,サウナイキタイ,
LAVA SAUNA & VILLA,,ヴィラ,,,プライベートサウナ,サウナイキタイ,
Villa Conte The SAUNA,,ヴィラ,,,プライベートサウナ,サウナイキタイ,
Moving Inn Tokachi 北の森,,ホテル,,,プライベートサウナ,サウナイキタイ,
積凪MOKURASU棟 -泊Rutto,,その他,,,プライベートサウナ,サウナイキタイ,
SAUNEA白州,,その他,,,プライベートサウナ,サウナイキタイ,
FOX&CRANE Cabin【TSURUI Sauna&Cabins】,,一棟貸し,,,プライベートサウナ,サウナイキタイ,
焚き火の庭,,その他,,,プライベートサウナ,サウナイキタイ,
海野宿一棟貸し宿 上州屋,,一棟貸し,,,プライベートサウナ,サウナイキタイ,
Machiya de SAUNA,,その他,,,プライベートサウナ,サウナイキタイ,
THE W Relax Garden Resort,,ホテル,,,プライベートサウナ,サウナイキタイ,
GYU-YA VILLA,,ヴィラ,,,プライベートサウナ,サウナイキタイ,
Edge sauna 9 Shirakawa Fukushima,,その他,,,プライベートサウナ,サウナイキタイ,
Earthboat Minakami Hodaigi,,その他,,,プライベートサウナ,サウナイキタイ,
The Wave,,その他,,,プライベートサウナ,サウナイキタイ,
TOTONOU淡路島,,その他,,,プライベートサウナ,サウナイキタイ,
大松閣別邸 一棟貸し「ハミング」,,旅館,,,プライベートサウナ,サウナイキタイ,
SAUNA MURO 宗像大島,,その他,,,プライベートサウナ,サウナイキタイ,
Earthboat Shirakabako,,その他,,,プライベートサウナ,サウナイキタイ,
一色の森サウナ プライベートからまつ山荘,,その他,,,プライベートサウナ,サウナイキタイ,
熱海Moonlight・カジュアルコテージなごみ,,一棟貸し,,,プライベートサウナ,サウナイキタイ,
SOU.-SAUNA&HOTEL-,,ホテル,,,プライベートサウナ,サウナイキタイ,
Earthboat Hakuba,,その他,,,プライベートサウナ,サウナイキタイ,
SUMA SEASIDE SAUNA,,その他,,,プライベートサウナ,サウナイキタイ,
TOWAピュアコテージ,,一棟貸し,,,プライベートサウナ,サウナイキタイ,
ECHō / ECHO,,その他,,,プライベートサウナ,サウナイキタイ,
LIT SHIMANAMI,,その他,,,プライベートサウナ,サウナイキタイ,
MOKU ISESHIMA,,その他,,,プライベートサウナ,サウナイキタイ,
鈴 京都宮川筋 hitotose 穐 -Aki-,,その他,,,プライベートサウナ,サウナイキタイ,
BLANC FUJI,,その他,,,プライベートサウナ,サウナイキタイ,
OASIS-OARAI,,その他,,,プライベートサウナ,サウナイキタイ,
Snow Peak YAKEI SUITE ABURAYAMA FUKUOKA,,その他,,,プライベートサウナ,サウナイキタイ,
瀬戸内隠れ家リゾート,,ホテル,,,プライベートサウナ,サウナイキタイ,
SAUNA BOX,,その他,,,プライベートサウナ,サウナイキタイ,
貸別荘 ゆいゆい(サンゴノサウナ),,旅館,,,プライベートサウナ,サウナイキタイ,
Lantern SHIRETOKO,,その他,,,プライベートサウナ,サウナイキタイ,
Rakuten STAY VILLA 箱根桃源台,,ヴィラ,,,プライベートサウナ,サウナイキタイ,
貸別荘 IDEAL SAUNA,,旅館,,,プライベートサウナ,サウナイキタイ,
たぬき荘道志 貸別荘,,旅館,,,プライベートサウナ,サウナイキタイ,
つむぎ宿 藤,,その他,,,プライベートサウナ,サウナイキタイ,
ritomaru villa@hatsuyama iki,,その他,,,プライベートサウナ,サウナイキタイ,
BY THE BIWAKO,,その他,,,プライベートサウナ,サウナイキタイ,
ふとタイニー北軽井沢,,その他,,,プライベートサウナ,サウナイキタイ,
On the wave 館山,,その他,,,プライベートサウナ,サウナイキタイ,
Akatsuki village,,その他,,,プライベートサウナ,サウナイキタイ,
グランピングリゾート Oceans Terrace SHIBAGAKI,,グランピング,,,プライベートサウナ,サウナイキタイ,
COCO VILLA 山中湖,,ヴィラ,,,プライベートサウナ,サウナイキタイ,
Retreat 37,,その他,,,プライベートサウナ,サウナイキタイ,
THE GLAMPING 箱根十国峠,,グランピング,,,プライベートサウナ,サウナイキタイ,
ROSH(ロシュ),,その他,,,プライベートサウナ,サウナイキタイ,
IZA GLAMPING 千早赤阪村,,グランピング,,,プライベートサウナ,サウナイキタイ,
FUNAYA SAUNA,,その他,,,プライベートサウナ,サウナイキタイ,
moisaunavilla,,その他,,,プライベートサウナ,サウナイキタイ,
マイグレフィールズ,,その他,,,プライベートサウナ,サウナイキタイ,
COCO VILLA 那須白河,,ヴィラ,,,プライベートサウナ,サウナイキタイ,
Sauna Villa ITADORI,,ヴィラ,,,プライベートサウナ,サウナイキタイ,
合い宿 すみよし,,その他,,,プライベートサウナ,サウナイキタイ,
Booyah Sauna ~ Private Villa & Glamping ~ ブーヤサウナ 九十九里,,グランピング,,,プライベートサウナ,サウナイキタイ,
町家レジデンスイン金沢 山水居 - さんすいきょ,,その他,,,プライベートサウナ,サウナイキタイ,
サウナ付き一棟貸し宿 大岡辻 -tsuji oooka-,,一棟貸し,,,プライベートサウナ,サウナイキタイ,
那須別邸 回,,旅館,,,プライベートサウナ,サウナイキタイ,
サウナイン淡路島西海岸,,その他,,,プライベートサウナ,サウナイキタイ,
響きのサウナグランピング,,グランピング,,,プライベートサウナ,サウナイキタイ,
マイグレKENKEN,,その他,,,プライベートサウナ,サウナイキタイ,
サウナ付一棟貸し宿 DANDAN,,一棟貸し,,,プライベートサウナ,サウナイキタイ,
マイグレIKKI,,その他,,,プライベートサウナ,サウナイキタイ,
